id,click,hour,C1,banner_pos,site_id,site_domain,site_category,app_id,app_domain,app_category,device_id,device_ip,device_model,device_type,device_conn_type,C14,C15,C16,C17,C18,C19,C20,C21
1000009418151094273,0,14102100,1005,0,1fbe01fe,f3845767,28905ebd,ecad2386,7801e8d9,07d7df22,a99f214a,ddd2926e,44956a24,1,2,15706,320,50,1722,0,35,-1,79
10000169349117863715,0,14102100,1005,0,1fbe01fe,f3845767,28905ebd,ecad2386,7801e8d9,07d7df22,a99f214a,96809ac8,711ee120,1,0,15704,320,50,1722,0,35,100084,79
10000371904215119486,0,14102100,1005,0,1fbe01fe,f3845767,28905ebd,ecad2386,7801e8d9,07d7df22,a99f214a,b3cf8def,8a4875bd,1,0,15704,320,50,1722,0,35,100084,79
10000640724480838376,0,14102100,1005,0,1fbe01fe,f3845767,28905ebd,ecad2386,7801e8d9,07d7df22,a99f214a,e8275b8f,6332421a,1,0,15706,320,50,1722,0,35,100084,79
10000679056417042096,0,14102100,1005,1,fe8cc448,9166c161,0569f928,ecad2386,7801e8d9,07d7df22,a99f214a,9644d0bf,779d90c2,1,0,18993,320,50,2161,0,35,-1,157
10000720757801103869,0,14102100,1005,0,d6137915,bb1ef334,f028772b,ecad2386,7801e8d9,07d7df22,a99f214a,05241af0,8a4875bd,1,0,16920,320,50,1899,0,431,100077,117
10000724729988544911,0,14102100,1005,0,8fda644b,25d4cfcd,f028772b,ecad2386,7801e8d9,07d7df22,a99f214a,b264c159,be6db1d7,1,0,20362,320,50,2333,0,39,-1,157
10000918755742328737,0,14102100,1005,1,e151e245,7e091613,f028772b,ecad2386,7801e8d9,07d7df22,a99f214a,e6f67278,be74e6fe,1,0,20632,320,50,2374,3,39,-1,23
10000949271186029916,1,14102100,1005,0,1fbe01fe,f3845767,28905ebd,ecad2386,7801e8d9,07d7df22,a99f214a,37e8da74,5db079b5,1,2,15707,320,50,1722,0,35,-1,79
10001264480619467364,0,14102100,1002,0,84c7ba46,c4e18dd6,50e219e0,ecad2386,7801e8d9,07d7df22,c357dbff,f1ac7184,373ecbe6,0,0,21689,320,50,2496,3,167,100191,23
10001868339616595934,0,14102100,1005,1,e151e245,7e091613,f028772b,ecad2386,7801e8d9,07d7df22,a99f214a,5d877109,8f5c9827,1,0,17747,320,50,1974,2,39,100019,33
10001966791793526909,0,14102100,1005,0,1fbe01fe,f3845767,28905ebd,ecad2386,7801e8d9,07d7df22,a99f214a,6f407810,1f0bc64f,1,0,15701,320,50,1722,0,35,-1,79
10002028568167339219,0,14102100,1005,0,9e8cf15d,0d3cb7be,f028772b,ecad2386,7801e8d9,07d7df22,a99f214a,58811cdf,8326c04b,1,2,20596,320,50,2161,0,35,100148,157
10002044883120869786,0,14102100,1005,0,d6137915,bb1ef334,f028772b,ecad2386,7801e8d9,07d7df22,a99f214a,72aab6df,04258293,1,0,19771,320,50,2227,0,687,100077,48
10002518649031436658,0,14102100,1005,0,85f751fd,c4e18dd6,50e219e0,98fed791,d9b5648e,0f2161f8,a99f214a,6dec2796,aad45b01,1,0,20984,320,50,2371,0,551,-1,46
10003539039235338011,0,14102100,1005,0,1fbe01fe,f3845767,28905ebd,ecad2386,7801e8d9,07d7df22,a99f214a,a4f47b2e,8a4875bd,1,0,15699,320,50,1722,0,35,100084,79
10003585669470236873,0,14102100,1005,0,d9750ee7,98572c79,f028772b,ecad2386,7801e8d9,07d7df22,a99f214a,9b1fe278,128f4ba1,1,0,17914,320,50,2043,2,39,-1,32
10004105575081229495,0,14102100,1005,0,1fbe01fe,f3845767,28905ebd,ecad2386,7801e8d9,07d7df22,a99f214a,c26c53cf,be87996b,1,2,15708,320,50,1722,0,35,100084,79
10004181428767727519,0,14102100,1005,1,0c2fe9d6,27e3c518,28905ebd,ecad2386,7801e8d9,07d7df22,a99f214a,b7a69808,158e4944,1,0,6558,320,50,571,2,39,-1,32
10004482643316086592,0,14102100,1005,0,85f751fd,c4e18dd6,50e219e0,66a5f0f3,d9b5648e,cef3e649,a99f214a,fa60af6b,b4b19c97,1,0,21234,320,50,2434,3,163,100088,61
10004510652136496837,0,14102100,1005,0,543a539e,c7ca3108,3e814130,ecad2386,7801e8d9,07d7df22,a99f214a,8a308c73,3223bcfe,1,0,20352,320,50,2333,0,39,-1,157
10004574413841529209,0,14102100,1005,0,1fbe01fe,f3845767,28905ebd,ecad2386,7801e8d9,07d7df22,a99f214a,1b6530bc,1aa0e912,1,0,15706,320,50,1722,0,35,-1,79
10004670021948955159,0,14102100,1005,0,543a539e,c7ca3108,3e814130,ecad2386,7801e8d9,07d7df22,a99f214a,a2d12b33,607e78f2,1,0,20366,320,50,2333,0,39,-1,157
10004765361151096125,1,14102100,1005,0,1fbe01fe,f3845767,28905ebd,ecad2386,7801e8d9,07d7df22,a99f214a,c6563308,7fdd04d2,1,0,15701,320,50,1722,0,35,-1,79
10005249248600843539,0,14102100,1005,0,1fbe01fe,f3845767,28905ebd,ecad2386,7801e8d9,07d7df22,a99f214a,e99d0c2e,d25693ce,1,0,15706,320,50,1722,0,35,100083,79
10005334911727438633,0,14102100,1010,1,85f751fd,c4e18dd6,50e219e0,ffc6ffd0,7801e8d9,0f2161f8,fb23c543,69890c7f,9fef9da8,4,0,21665,320,50,2493,3,35,-1,117
10005541670676403131,0,14102100,1005,1,e151e245,7e091613,f028772b,ecad2386,7801e8d9,07d7df22,a99f214a,c62f7206,69f9dd0e,1,0,20984,320,50,2371,0,551,100217,46
10005609489911213467,1,14102100,1005,0,85f751fd,c4e18dd6,50e219e0,54c5d545,2347f47a,0f2161f8,9af87478,2a2bfc89,ecf10acf,1,0,21611,320,50,2480,3,297,100111,61
10005649443863261125,0,14102100,1005,0,543a539e,c7ca3108,3e814130,ecad2386,7801e8d9,07d7df22,a99f214a,50d86760,d787e91b,1,0,20366,320,50,2333,0,39,-1,157
10005951398749600249,0,14102100,1005,0,1fbe01fe,f3845767,28905ebd,ecad2386,7801e8d9,07d7df22,a99f214a,431b3174,f39b265e,1,0,15706,320,50,1722,0,35,-1,79
10006192453619779489,0,14102100,1005,0,85f751fd,c4e18dd6,50e219e0,685d1c4c,2347f47a,8ded1f7a,6a943594,8a014cbb,81b42528,1,3,15708,320,50,1722,0,35,-1,79
10006415976094813740,0,14102100,1005,0,f84e52b6,d7e2f29b,28905ebd,ecad2386,7801e8d9,07d7df22,a99f214a,a8649089,e9b8d8d7,1,0,16838,320,50,1882,3,35,-1,13
10006490708516192015,1,14102100,1005,0,1fbe01fe,f3845767,28905ebd,ecad2386,7801e8d9,07d7df22,a99f214a,a4459495,517bef98,1,0,15708,320,50,1722,0,35,100083,79
10006557235872316145,0,14102100,1005,0,1fbe01fe,f3845767,28905ebd,ecad2386,7801e8d9,07d7df22,a99f214a,ac77b71a,d787e91b,1,0,15699,320,50,1722,0,35,-1,79
10006629065800243858,0,14102100,1005,0,543a539e,c7ca3108,3e814130,ecad2386,7801e8d9,07d7df22,a99f214a,6769bdb2,d787e91b,1,0,20362,320,50,2333,0,39,-1,157
10006777279679619273,0,14102100,1005,0,85f751fd,c4e18dd6,50e219e0,d2bb6502,2347f47a,8ded1f7a,4b2309e9,22c2dcf4,d6e0e6ff,1,3,18987,320,50,2158,3,291,100193,61
10006789981076459409,0,14102100,1005,0,030440fe,08ba7db9,76b2941d,ecad2386,7801e8d9,07d7df22,a99f214a,692824c7,293291c1,1,0,20596,320,50,2161,0,35,-1,157
10006958186789044052,1,14102100,1005,0,85f751fd,c4e18dd6,50e219e0,0acbeaa3,45a51db4,f95efa07,a99f214a,ce6e6bbd,2cd8ff6d,1,0,18993,320,50,2161,0,35,100034,157
10007163879183388340,0,14102100,1005,0,030440fe,08ba7db9,76b2941d,ecad2386,7801e8d9,07d7df22,a99f214a,5035aded,3db9fde9,1,0,18993,320,50,2161,0,35,-1,157
10007164336863914220,1,14102100,1005,0,1fbe01fe,f3845767,28905ebd,ecad2386,7801e8d9,07d7df22,a99f214a,b2b14786,36d749e5,1,0,15706,320,50,1722,0,35,-1,79
10007197383452514432,0,14102100,1005,0,1fbe01fe,f3845767,28905ebd,ecad2386,7801e8d9,07d7df22,a99f214a,07f39509,49ea3580,1,0,15704,320,50,1722,0,35,100084,79
10007446479189647526,0,14102100,1005,0,6ec06dbd,d262cf1e,f66779e6,ecad2386,7801e8d9,07d7df22,a99f214a,3aea6370,6360f9ec,1,0,19870,320,50,2271,0,687,100075,48
10007768440836622373,0,14102100,1005,0,85f751fd,c4e18dd6,50e219e0,e2a1ca37,2347f47a,8ded1f7a,432cd280,45919d0d,1ccc7835,1,0,15708,320,50,1722,0,35,-1,79
10007830732992705885,0,14102100,1010,1,85f751fd,c4e18dd6,50e219e0,a607e6a7,7801e8d9,0f2161f8,890abcbb,9f02f646,e8c7729d,4,0,21665,320,50,2493,3,35,-1,117
10007847530896919634,1,14102100,1002,0,84c7ba46,c4e18dd6,50e219e0,ecad2386,7801e8d9,07d7df22,767a174e,3e805b2a,cf19f7f7,0,0,21661,320,50,2446,3,171,100228,156
10007908698866493310,0,14102100,1005,1,0eb72673,d2f72222,f028772b,ecad2386,7801e8d9,07d7df22,a99f214a,834f84b2,76dc4769,1,0,16208,320,50,1800,3,167,100075,23
10007944429976961145,1,14102100,1005,0,1fbe01fe,f3845767,28905ebd,ecad2386,7801e8d9,07d7df22,a99f214a,07875ea4,aaffed8f,1,0,15701,320,50,1722,0,35,-1,79
10009147085943364421,0,14102100,1005,1,e151e245,7e091613,f028772b,ecad2386,7801e8d9,07d7df22,a99f214a,905d2fbc,1b13b020,1,0,17037,320,50,1934,2,39,-1,16
10009190848778773294,0,14102100,1005,1,5ee41ff2,17d996e6,f028772b,ecad2386,7801e8d9,07d7df22,a99f214a,fc7f99ee,70359270,1,0,16920,320,50,1899,0,431,-1,117
10009635774586344851,0,14102100,1005,0,543a539e,c7ca3108,3e814130,ecad2386,7801e8d9,07d7df22,a99f214a,37018b2d,24f6b932,1,0,20352,320,50,2333,0,39,-1,157
10009699694430474960,1,14102100,1005,0,4dd0a958,79cf0c8d,f028772b,ecad2386,7801e8d9,07d7df22,a99f214a,f6a5ae09,88fe1d5d,1,0,20366,320,50,2333,0,39,-1,157
10009807995169380879,0,14102100,1005,0,85f751fd,c4e18dd6,50e219e0,396df801,2347f47a,0f2161f8,a99f214a,554d9f5f,36a30aeb,1,0,15705,320,50,1722,0,35,100084,79
10009910814812262951,1,14102100,1005,0,85f751fd,c4e18dd6,50e219e0,a079ef6b,2347f47a,75d80bbe,a99f214a,f8c8df20,be87996b,1,2,18993,320,50,2161,0,35,100131,157
10010452321736390000,1,14102100,1005,0,1fbe01fe,f3845767,28905ebd,ecad2386,7801e8d9,07d7df22,a99f214a,cede6db1,a0f5f879,1,0,15701,320,50,1722,0,35,100084,79
10010485868773711631,0,14102100,1005,0,1fbe01fe,f3845767,28905ebd,ecad2386,7801e8d9,07d7df22,a99f214a,1cb5985e,1ccc7835,1,0,15701,320,50,1722,0,35,100084,79
10010504760200486071,0,14102100,1005,1,5ee41ff2,17d996e6,f028772b,ecad2386,7801e8d9,07d7df22,a99f214a,d012a1cb,ecb851b2,1,0,16615,320,50,1863,3,39,100188,23
10010730108771379386,0,14102100,1005,1,e151e245,7e091613,f028772b,ecad2386,7801e8d9,07d7df22,a99f214a,08dd2eb8,cdf6ea96,1,0,20634,320,50,2374,3,39,-1,23
10010804179216291475,0,14102100,1005,0,1fbe01fe,f3845767,28905ebd,ecad2386,7801e8d9,07d7df22,a99f214a,9a5911ad,1ccc7835,1,0,15704,320,50,1722,0,35,-1,79
1001082718558099372,0,14102100,1005,0,85f751fd,c4e18dd6,50e219e0,1779deee,2347f47a,f95efa07,a99f214a,5a96d22e,9e3836ff,1,0,18993,320,50,2161,0,35,-1,157
10010924186026106882,0,14102100,1005,0,030440fe,08ba7db9,76b2941d,ecad2386,7801e8d9,07d7df22,a99f214a,8f6c30bb,744ae245,1,0,18993,320,50,2161,0,35,-1,157
10010966574628106108,1,14102100,1005,0,85f751fd,c4e18dd6,50e219e0,0acbeaa3,45a51db4,f95efa07,a99f214a,061893d4,68b900d9,1,0,20596,320,50,2161,0,35,100034,157
10011085150831357375,0,14102100,1005,0,1fbe01fe,f3845767,28905ebd,ecad2386,7801e8d9,07d7df22,a99f214a,07875ea4,d787e91b,1,0,15699,320,50,1722,0,35,-1,79
10011205200760015892,0,14102100,1005,0,6256f5b4,28f93029,f028772b,ecad2386,7801e8d9,07d7df22,a99f214a,04a1662e,521f95fe,1,0,17212,320,50,1887,3,39,100202,23
1001139595064240144,0,14102100,1005,0,1fbe01fe,f3845767,28905ebd,ecad2386,7801e8d9,07d7df22,a99f214a,c9758700,76dc4769,1,0,15705,320,50,1722,0,35,-1,79
10011406079394798455,0,14102100,1005,0,543a539e,c7ca3108,3e814130,ecad2386,7801e8d9,07d7df22,a99f214a,9ae68bb9,24f6b932,1,0,20362,320,50,2333,0,39,-1,157
1001156047808171144,1,14102100,1005,0,1fbe01fe,f3845767,28905ebd,ecad2386,7801e8d9,07d7df22,a99f214a,2801fd97,575d0d2a,1,0,15708,320,50,1722,0,35,100084,79
10011561503992804801,0,14102100,1005,1,e151e245,7e091613,f028772b,ecad2386,7801e8d9,07d7df22,a99f214a,931519c4,e9b8d8d7,1,0,17747,320,50,1974,2,39,100021,33
10011650513707909570,0,14102100,1005,0,85f751fd,c4e18dd6,50e219e0,febd1138,82e27996,0f2161f8,a99f214a,1ce4451d,99e427c9,1,0,21611,320,50,2480,3,297,100111,61
10011658782619041235,1,14102100,1005,0,0aab7161,660aeadc,f028772b,ecad2386,7801e8d9,07d7df22,a99f214a,0086332e,1f0bc64f,1,0,15699,320,50,1722,0,35,-1,79
10011677979251422697,0,14102100,1005,0,1fbe01fe,f3845767,28905ebd,ecad2386,7801e8d9,07d7df22,a99f214a,82310cab,f39b265e,1,0,15707,320,50,1722,0,35,-1,79
1001179289293608710,0,14102100,1005,1,e023ba3e,75f9ddc3,f028772b,ecad2386,7801e8d9,07d7df22,a99f214a,f7c9ee04,56f254f5,1,0,17914,320,50,2043,2,39,-1,32
10012212068904346443,0,14102100,1005,0,543a539e,c7ca3108,3e814130,ecad2386,7801e8d9,07d7df22,a99f214a,6769bdb2,d787e91b,1,0,20352,320,50,2333,0,39,-1,157
10012222478217629851,0,14102100,1005,0,1fbe01fe,f3845767,28905ebd,ecad2386,7801e8d9,07d7df22,a99f214a,3738b922,d787e91b,1,0,15705,320,50,1722,0,35,100084,79
10012820175855462623,0,14102100,1005,0,1fbe01fe,f3845767,28905ebd,ecad2386,7801e8d9,07d7df22,a99f214a,8acb1161,1f0bc64f,1,0,15707,320,50,1722,0,35,-1,79
10013076841337920650,0,14102100,1005,0,1fbe01fe,f3845767,28905ebd,ecad2386,7801e8d9,07d7df22,a99f214a,ed326aa2,4ceb2e0b,1,0,15702,320,50,1722,0,35,-1,79
10013222055782902774,0,14102100,1005,0,5b08c53b,7687a86e,3e814130,ecad2386,7801e8d9,07d7df22,a99f214a,09b19f16,7eef184d,1,0,17654,300,250,1994,2,39,-1,33
10013330254346467994,0,14102100,1005,0,f5476ff8,00e1b9c0,3e814130,ecad2386,7801e8d9,07d7df22,a99f214a,da162469,8b1aa260,1,0,18993,320,50,2161,0,35,-1,157
10013378798301872145,1,14102100,1005,1,e151e245,7e091613,f028772b,ecad2386,7801e8d9,07d7df22,a99f214a,40fb49ca,be74e6fe,1,0,20362,320,50,2333,0,39,-1,157
10013493678511778479,0,14102100,1005,0,85f751fd,c4e18dd6,50e219e0,39947756,2347f47a,cef3e649,a2cbb1e0,d784a354,9f8d0424,1,2,18993,320,50,2161,0,35,-1,157
10013552540914034684,0,14102100,1005,0,85f751fd,c4e18dd6,50e219e0,e2fcccd2,5c5a694b,0f2161f8,a99f214a,c21a1e56,89416188,1,0,4687,320,50,423,2,39,100148,32
10013750748974177308,0,14102100,1005,0,1fbe01fe,f3845767,28905ebd,ecad2386,7801e8d9,07d7df22,a99f214a,8eb51743,a0f5f879,1,0,15703,320,50,1722,0,35,100083,79
1001378691598807810,0,14102100,1002,0,85f751fd,c4e18dd6,50e219e0,a37bf1e4,7801e8d9,07d7df22,1ab3feec,c45c8256,8debacdb,0,0,21691,320,50,2495,2,167,-1,23
10013840276980995258,0,14102100,1005,0,85f751fd,c4e18dd6,50e219e0,e2fcccd2,5c5a694b,0f2161f8,a99f214a,07533d06,76dc4769,1,0,4687,320,50,423,2,39,100148,32
10013846047025246486,0,14102100,1005,0,1fbe01fe,f3845767,28905ebd,ecad2386,7801e8d9,07d7df22,a99f214a,2e93a860,f39b265e,1,0,15702,320,50,1722,0,35,100083,79
10014026899633599058,0,14102100,1005,0,1fbe01fe,f3845767,28905ebd,ecad2386,7801e8d9,07d7df22,a99f214a,9cdc12cc,711ee120,1,0,15699,320,50,1722,0,35,100084,79
10014063680973162331,0,14102100,1005,0,1fbe01fe,f3845767,28905ebd,ecad2386,7801e8d9,07d7df22,a99f214a,665810f3,78d9bd10,1,0,15699,320,50,1722,0,35,100083,79
10014190212266331300,1,14102100,1005,0,85f751fd,c4e18dd6,50e219e0,9c13b419,2347f47a,f95efa07,a99f214a,ed9450c2,1f0bc64f,1,0,20633,320,50,2374,3,39,-1,23
10014285064795240866,1,14102100,1002,0,84c7ba46,c4e18dd6,50e219e0,ecad2386,7801e8d9,07d7df22,c357dbff,06f76b24,373ecbe6,0,0,21682,320,50,2496,3,167,100191,23
10014385711019128754,0,14102100,1005,0,1fbe01fe,f3845767,28905ebd,ecad2386,7801e8d9,07d7df22,a99f214a,12c3d700,ef726eae,1,0,15704,320,50,1722,0,35,-1,79
10014630626523032142,0,14102100,1005,0,1fbe01fe,f3845767,28905ebd,ecad2386,7801e8d9,07d7df22,a99f214a,0345a137,3bd9e8e7,1,0,15702,320,50,1722,0,35,100083,79
10014764617325763141,0,14102100,1005,0,1fbe01fe,f3845767,28905ebd,ecad2386,7801e8d9,07d7df22,a99f214a,4e873691,c6263d8a,1,0,15703,320,50,1722,0,35,-1,79
10014885175555340290,0,14102100,1005,0,1fbe01fe,f3845767,28905ebd,ecad2386,7801e8d9,07d7df22,a99f214a,27f3fa06,d25693ce,1,0,15705,320,50,1722,0,35,100083,79
10014887683839786798,1,14102100,1005,0,85f751fd,c4e18dd6,50e219e0,e2fcccd2,5c5a694b,0f2161f8,a99f214a,fac78767,84ebbcd4,1,0,4687,320,50,423,2,39,100148,32
10015140740686523448,0,14102100,1005,0,85f751fd,c4e18dd6,50e219e0,c51f82bc,d9b5648e,0f2161f8,a99f214a,2d227840,9b5ce758,1,0,21611,320,50,2480,3,297,100111,61
10015211672544614902,0,14102100,1005,1,e151e245,7e091613,f028772b,ecad2386,7801e8d9,07d7df22,a99f214a,42606fe6,cb0fb677,1,0,17037,320,50,1934,2,39,-1,16
10015376300289320595,0,14102100,1005,0,1fbe01fe,f3845767,28905ebd,ecad2386,7801e8d9,07d7df22,a99f214a,03108db9,a0f5f879,1,0,15701,320,50,1722,0,35,100084,79
10015405794859644629,1,14102100,1005,0,1fbe01fe,f3845767,28905ebd,ecad2386,7801e8d9,07d7df22,a99f214a,0b697be1,1f0bc64f,1,0,15701,320,50,1722,0,35,100084,79
10015629448289660116,1,14102100,1005,0,1fbe01fe,f3845767,28905ebd,ecad2386,7801e8d9,07d7df22,a99f214a,58db4f0c,6332421a,1,0,15708,320,50,1722,0,35,-1,79
100156980486870304,0,14102100,1005,0,1fbe01fe,f3845767,28905ebd,ecad2386,7801e8d9,07d7df22,a99f214a,02b9b0fc,1aa0e912,1,0,15706,320,50,1722,0,35,-1,79
10015745448500295401,0,14102100,1005,0,1fbe01fe,f3845767,28905ebd,ecad2386,7801e8d9,07d7df22,a99f214a,6b9769f2,4c8aeb60,1,0,15701,320,50,1722,0,35,-1,79
10015794997785118491,0,14102100,1005,1,856e6d3f,58a89a43,f028772b,ecad2386,7801e8d9,07d7df22,a99f214a,4375586d,5ec45883,1,0,19772,320,50,2227,0,687,100075,48
10015857277683848936,0,14102100,1005,0,543a539e,c7ca3108,3e814130,ecad2386,7801e8d9,07d7df22,a99f214a,6a1a8248,a5fbe35d,1,0,20362,320,50,2333,0,39,-1,157
10015944270539844899,0,14102100,1005,0,1fbe01fe,f3845767,28905ebd,ecad2386,7801e8d9,07d7df22,a99f214a,9cd175b0,ecb851b2,1,0,15701,320,50,1722,0,35,-1,79
10016451205115605375,1,14102100,1005,1,d9750ee7,98572c79,f028772b,ecad2386,7801e8d9,07d7df22,a99f214a,c23e50cb,7594f139,1,0,17212,320,50,1887,3,39,100200,23
10016492574846482398,0,14102100,1005,0,1fbe01fe,f3845767,28905ebd,ecad2386,7801e8d9,07d7df22,a99f214a,83b564b0,a5bce124,1,0,15704,320,50,1722,0,35,-1,79
1001656469156757818,0,14102100,1005,0,85f751fd,c4e18dd6,50e219e0,39947756,2347f47a,cef3e649,1d5b4c5e,35d885a4,c4cff2ea,1,3,20596,320,50,2161,0,35,-1,157
10016733002189110689,0,14102100,1005,0,1fbe01fe,f3845767,28905ebd,ecad2386,7801e8d9,07d7df22,a99f214a,a6df415d,4ea23a13,1,0,15707,320,50,1722,0,35,-1,79
10016873305752157334,0,14102100,1010,1,85f751fd,c4e18dd6,50e219e0,ffc6ffd0,7801e8d9,0f2161f8,a167aa83,af0dd4ba,158e4944,4,0,21665,320,50,2493,3,35,100050,117
10016879928769896114,0,14102100,1005,0,83a0ad1a,5c9ae867,f028772b,ecad2386,7801e8d9,07d7df22,a99f214a,f17268a6,575d0d2a,1,0,18945,320,50,2153,3,427,100063,61
10016930469746015079,0,14102100,1005,0,1fbe01fe,f3845767,28905ebd,ecad2386,7801e8d9,07d7df22,a99f214a,b79e1ece,711ee120,1,0,15702,320,50,1722,0,35,-1,79
10017024728538959689,0,14102100,1005,0,85f751fd,c4e18dd6,50e219e0,0acbeaa3,45a51db4,f95efa07,a99f214a,68e496ca,ad0ecb0d,1,2,20596,320,50,2161,0,35,100034,157
10017246106627470759,1,14102100,1005,0,f9c69707,e16ceb4b,28905ebd,ecad2386,7801e8d9,07d7df22,a99f214a,8b19fe67,258766e2,1,0,19665,320,50,2253,2,303,-1,52
10017252984492579982,0,14102100,1005,0,543a539e,c7ca3108,3e814130,ecad2386,7801e8d9,07d7df22,a99f214a,4f294eb6,33c9c797,1,0,20352,320,50,2333,0,39,-1,157
10017306529805473196,0,14102100,1005,0,85f751fd,c4e18dd6,50e219e0,febd1138,82e27996,0f2161f8,a99f214a,4e5378c0,99e427c9,1,0,19743,320,50,2264,3,427,100000,61
10017325201002992404,1,14102100,1005,0,1fbe01fe,f3845767,28905ebd,ecad2386,7801e8d9,07d7df22,a99f214a,ea9edeb5,a5bce124,1,0,15705,320,50,1722,0,35,-1,79
10017356694683044868,0,14102100,1005,0,85f751fd,c4e18dd6,50e219e0,1779deee,2347f47a,f95efa07,a99f214a,d3e691e0,aa35da31,1,0,18993,320,50,2161,0,35,-1,157
10017640116993553715,0,14102100,1005,0,1fbe01fe,f3845767,28905ebd,ecad2386,7801e8d9,07d7df22,a99f214a,8effbe4e,a8d2c4cf,1,0,15707,320,50,1722,0,35,100084,79
10017708095690214292,0,14102100,1005,0,6256f5b4,28f93029,f028772b,ecad2386,7801e8d9,07d7df22,a99f214a,1cb82c25,d787e91b,1,0,16859,320,50,1887,3,39,-1,23
10017726656797105592,0,14102100,1005,0,543a539e,c7ca3108,3e814130,ecad2386,7801e8d9,07d7df22,a99f214a,4a9ed8c4,d787e91b,1,0,20352,320,50,2333,0,39,-1,157
10017756797097747189,0,14102100,1005,0,543a539e,c7ca3108,3e814130,ecad2386,7801e8d9,07d7df22,a99f214a,2acd7a51,cdfde03b,1,0,20366,320,50,2333,0,39,-1,157
10017891063419751227,0,14102100,1005,0,ceea3181,6225315b,f028772b,ecad2386,7801e8d9,07d7df22,a99f214a,069aaa56,76dc4769,1,0,15702,320,50,1722,0,35,100084,79
1001795364355496701,0,14102100,1005,1,b7e9786d,b12b9f85,f028772b,ecad2386,7801e8d9,07d7df22,a99f214a,3033c66f,eba9519f,1,0,19771,320,50,2227,0,687,100081,48
10017963219731982376,0,14102100,1005,0,1fbe01fe,f3845767,28905ebd,ecad2386,7801e8d9,07d7df22,a99f214a,fec9a8a7,8a4875bd,1,0,15704,320,50,1722,0,35,-1,79
10017994765842027302,0,14102100,1005,0,1fbe01fe,f3845767,28905ebd,ecad2386,7801e8d9,07d7df22,a99f214a,8ce11055,158e4944,1,0,15707,320,50,1722,0,35,-1,79
10018076683759767024,1,14102100,1002,0,84c7ba46,c4e18dd6,50e219e0,ecad2386,7801e8d9,07d7df22,e62f1261,7b485f88,cf19f7f7,0,0,21300,320,50,2446,3,171,100228,156
10018099580463747729,0,14102100,1005,0,d6137915,bb1ef334,f028772b,ecad2386,7801e8d9,07d7df22,a99f214a,759c83c1,f0512bed,1,0,16920,320,50,1899,0,431,100081,117
10018255614280682659,0,14102100,1005,0,85f751fd,c4e18dd6,50e219e0,39947756,2347f47a,cef3e649,b45aada4,ceebd3eb,5096d134,1,2,21611,320,50,2480,3,297,100111,61
10018283997673108970,0,14102100,1002,0,75f43c5a,c4e18dd6,50e219e0,ecad2386,7801e8d9,07d7df22,03cb167d,3414a157,cf6e17c1,0,0,21665,320,50,2493,3,35,-1,117
1001833017047577515,0,14102100,1005,1,43d6df75,27e3c518,28905ebd,ecad2386,7801e8d9,07d7df22,a99f214a,0b61bc5e,c144e605,1,0,15702,320,50,1722,0,35,-1,79
10018368562703130813,0,14102100,1005,0,18859862,b5188ae6,f028772b,ecad2386,7801e8d9,07d7df22,a99f214a,c6e4451a,4ea23a13,1,0,20596,320,50,2161,0,35,-1,157
10018479281174609265,0,14102100,1005,0,1fbe01fe,f3845767,28905ebd,ecad2386,7801e8d9,07d7df22,a99f214a,c52e8a62,36d749e5,1,0,15705,320,50,1722,0,35,-1,79
10018563981679953217,0,14102100,1005,0,85f751fd,c4e18dd6,50e219e0,8bfb92e0,7801e8d9,07d7df22,a99f214a,8e9fa84b,f5da7bc4,1,0,17661,320,50,1996,1,41,100057,71
10018756062798084377,1,14102100,1005,0,1fbe01fe,f3845767,28905ebd,ecad2386,7801e8d9,07d7df22,a99f214a,56219eb1,76dc4769,1,0,15705,320,50,1722,0,35,100084,79
10018897422996679694,0,14102100,1005,1,e151e245,7e091613,f028772b,ecad2386,7801e8d9,07d7df22,a99f214a,a6fcfe1d,76dc4769,1,0,20366,320,50,2333,0,39,-1,157
10018930650935227325,0,14102100,1005,1,5ee41ff2,17d996e6,f028772b,ecad2386,7801e8d9,07d7df22,a99f214a,224d24e9,d14c4241,1,0,20596,320,50,2161,0,35,-1,157
10019071520499579916,0,14102100,1005,0,da79c793,71ed77a0,f028772b,ecad2386,7801e8d9,07d7df22,a99f214a,b77acc18,fce66524,1,0,18993,320,50,2161,0,35,-1,157
1001913075702538566,1,14102100,1005,0,543a539e,c7ca3108,3e814130,ecad2386,7801e8d9,07d7df22,a99f214a,a98e3a73,d787e91b,1,0,20352,320,50,2333,0,39,-1,157
10019174283089529533,0,14102100,1005,0,bb4524e7,d733bbc3,28905ebd,ecad2386,7801e8d9,07d7df22,a99f214a,60f59ef9,ab145aa1,1,0,9438,320,50,898,3,427,100003,61
10019341288757450780,0,14102100,1005,0,1fbe01fe,f3845767,28905ebd,ecad2386,7801e8d9,07d7df22,a99f214a,77cea175,8a4875bd,1,0,15707,320,50,1722,0,35,-1,79
10019351860081981527,0,14102100,1005,0,030440fe,08ba7db9,76b2941d,ecad2386,7801e8d9,07d7df22,a99f214a,1253fc11,ae1b1e3b,1,0,18993,320,50,2161,0,35,-1,157
10019396062291357594,0,14102100,1005,1,e151e245,7e091613,f028772b,ecad2386,7801e8d9,07d7df22,a99f214a,ea1b004b,00b1f3a7,1,0,17264,320,50,1872,3,39,-1,23
10019540781113332955,0,14102100,1005,0,1fbe01fe,f3845767,28905ebd,ecad2386,7801e8d9,07d7df22,a99f214a,0489ce3f,8a4875bd,1,0,15702,320,50,1722,0,35,-1,79
10019805607671159208,0,14102100,1002,0,84c7ba46,c4e18dd6,50e219e0,ecad2386,7801e8d9,07d7df22,8a869341,b5578fdc,cf19f7f7,0,0,21300,320,50,2446,3,171,100228,156
1002011100077878004,0,14102100,1010,1,85f751fd,c4e18dd6,50e219e0,ffc6ffd0,7801e8d9,0f2161f8,3b4d9b97,80bf40be,f07e20f8,4,0,21665,320,50,2493,3,35,-1,117
10020307723259138743,0,14102100,1005,0,030440fe,08ba7db9,76b2941d,ecad2386,7801e8d9,07d7df22,a99f214a,7407e2eb,ef726eae,1,0,18993,320,50,2161,0,35,-1,157
10020372821928742715,0,14102100,1005,1,930c2840,9d3b56b1,3e814130,ecad2386,7801e8d9,07d7df22,a99f214a,e8fc2f9f,900981af,1,2,20596,320,50,2161,0,35,-1,157
10020492815188881068,1,14102100,1005,0,1fbe01fe,f3845767,28905ebd,ecad2386,7801e8d9,07d7df22,a99f214a,a304f459,d787e91b,1,0,15699,320,50,1722,0,35,-1,79
10020605367282200605,0,14102100,1005,1,e151e245,7e091613,f028772b,ecad2386,7801e8d9,07d7df22,a99f214a,a74e04be,84ebbcd4,1,0,20359,216,36,2333,0,39,-1,157
10020664336520302853,0,14102100,1005,0,02d5151c,64778742,f028772b,ecad2386,7801e8d9,07d7df22,a99f214a,65cd8410,9e3836ff,1,0,20596,320,50,2161,0,35,100130,157
10020717995127086125,0,14102100,1005,0,1fbe01fe,f3845767,28905ebd,ecad2386,7801e8d9,07d7df22,a99f214a,fc0848fc,36d749e5,1,0,15704,320,50,1722,0,35,-1,79
10020838610941394934,0,14102100,1005,1,43d6df75,27e3c518,28905ebd,ecad2386,7801e8d9,07d7df22,a99f214a,aff0d6fe,13472f46,1,0,15708,320,50,1722,0,35,100084,79
10021516630479124436,0,14102100,1005,0,85f751fd,c4e18dd6,50e219e0,680e6a92,2347f47a,0f2161f8,a99f214a,f9d55cdb,c4cff2ea,1,0,17875,320,50,2036,3,47,-1,156
10021697715830988958,1,14102100,1005,0,1fbe01fe,f3845767,28905ebd,ecad2386,7801e8d9,07d7df22,a99f214a,829e4720,711ee120,1,0,15708,320,50,1722,0,35,100084,79
10021850042230398994,0,14102100,1005,0,1fbe01fe,f3845767,28905ebd,ecad2386,7801e8d9,07d7df22,a99f214a,d3c7f33f,5096d134,1,0,15702,320,50,1722,0,35,-1,79
1002186989067144726,0,14102100,1005,0,1fbe01fe,f3845767,28905ebd,ecad2386,7801e8d9,07d7df22,a99f214a,693a9e56,8b1aa260,1,0,15708,320,50,1722,0,35,100084,79
10022511657747302161,0,14102100,1005,0,1fbe01fe,f3845767,28905ebd,ecad2386,7801e8d9,07d7df22,a99f214a,8bf7a86c,0671f8e1,1,0,15706,320,50,1722,0,35,100084,79
10022570284312971977,0,14102100,1005,1,5b4d2eda,16a36ef3,f028772b,ecad2386,7801e8d9,07d7df22,a99f214a,e8db98c9,d4897fef,1,0,18993,320,50,2161,0,35,-1,157
10022750613173712651,0,14102100,1005,0,5b08c53b,7687a86e,3e814130,ecad2386,7801e8d9,07d7df22,a99f214a,df37beee,d787e91b,1,0,19016,300,250,2162,2,39,-1,33
10022778968214273379,0,14102100,1005,1,93de26ae,7d05db75,335d28a8,ecad2386,7801e8d9,07d7df22,a99f214a,7768930f,272ca818,1,0,18993,320,50,2161,0,35,-1,157
10022915835050310266,0,14102100,1005,1,5b4d2eda,16a36ef3,f028772b,ecad2386,7801e8d9,07d7df22,a99f214a,e552b897,b72d1c6e,1,0,20362,320,50,2333,0,39,100076,157
10022961149355219548,0,14102100,1005,0,85f751fd,c4e18dd6,50e219e0,e2fcccd2,5c5a694b,0f2161f8,bd7c02a1,51197d98,2203a096,1,0,4687,320,50,423,2,39,100148,32
10023110164290040687,0,14102100,1005,0,1fbe01fe,f3845767,28905ebd,ecad2386,7801e8d9,07d7df22,a99f214a,d80a4c04,6332421a,1,0,15702,320,50,1722,0,35,-1,79
10023200351270366469,0,14102100,1005,0,85f751fd,c4e18dd6,50e219e0,1779deee,2347f47a,f95efa07,a99f214a,080e8b1d,3bc980aa,1,0,20596,320,50,2161,0,35,-1,157
10023308754907120856,1,14102100,1005,1,e151e245,7e091613,f028772b,ecad2386,7801e8d9,07d7df22,a99f214a,5891803b,d787e91b,1,0,20352,320,50,2333,0,39,-1,157
10023681101642954544,0,14102100,1005,0,395fa97c,3f797953,3e814130,ecad2386,7801e8d9,07d7df22,a99f214a,feef51e6,779d90c2,1,0,18993,320,50,2161,0,35,-1,157
10023836977405174778,0,14102100,1005,0,85f751fd,c4e18dd6,50e219e0,e2fcccd2,5c5a694b,0f2161f8,a99f214a,8fec7bcf,034b811d,1,0,4687,320,50,423,2,39,100148,32
10024331030544393307,1,14102100,1002,0,f727f4e0,fcb30e54,50e219e0,ecad2386,7801e8d9,07d7df22,2ad16ba3,fb055d92,c978d6f5,0,0,6616,320,50,576,2,35,100131,32
10024365483589149864,0,14102100,1002,0,ec1aa5a1,42fb0c49,50e219e0,ecad2386,7801e8d9,07d7df22,9906e40c,e7a1751e,43e7b962,0,0,20170,300,50,2312,0,167,-1,16
10024438216634663579,0,14102100,1005,0,1fbe01fe,f3845767,28905ebd,ecad2386,7801e8d9,07d7df22,a99f214a,869e9ee0,8ce34352,1,0,15701,320,50,1722,0,35,-1,79
10024590463713241690,0,14102100,1005,0,1fbe01fe,f3845767,28905ebd,ecad2386,7801e8d9,07d7df22,a99f214a,b7f92de9,8ce34352,1,0,15704,320,50,1722,0,35,100084,79
10024660782388112342,1,14102100,1005,1,d9750ee7,98572c79,f028772b,ecad2386,7801e8d9,07d7df22,a99f214a,12c32fc6,84ebbcd4,1,0,17614,320,50,1993,2,1063,100083,33
10024728239031095776,0,14102100,1005,1,e59ef3fc,0a4015b2,335d28a8,ecad2386,7801e8d9,07d7df22,a99f214a,40b43f44,3fecb32a,1,0,21612,320,50,2481,3,297,100111,61
1002474033882047925,1,14102100,1005,1,d9750ee7,98572c79,f028772b,ecad2386,7801e8d9,07d7df22,a99f214a,2f4b6389,5096d134,1,0,17753,320,50,1993,2,1063,100084,33
10024810769855576624,1,14102100,1002,0,84c7ba46,c4e18dd6,50e219e0,ecad2386,7801e8d9,07d7df22,df373817,73d211e5,cf19f7f7,0,0,21660,320,50,2446,3,171,100228,156
10024869997513159507,1,14102100,1005,0,1fbe01fe,f3845767,28905ebd,ecad2386,7801e8d9,07d7df22,a99f214a,d811b152,0eb711ec,1,0,15701,320,50,1722,0,35,100083,79
10024931014706428207,0,14102100,1005,0,543a539e,c7ca3108,3e814130,ecad2386,7801e8d9,07d7df22,a99f214a,b00c1328,d787e91b,1,0,20352,320,50,2333,0,39,-1,157
10025131253983159562,0,14102100,1005,0,85f751fd,c4e18dd6,50e219e0,54c5d545,2347f47a,0f2161f8,31f9b704,8b42429f,e9b8d8d7,1,0,6563,320,50,572,2,39,-1,32
10025422497693324685,0,14102100,1005,0,1fbe01fe,f3845767,28905ebd,ecad2386,7801e8d9,07d7df22,a99f214a,e54c1344,06fbfd42,1,0,15706,320,50,1722,0,35,-1,79
10025480338481607797,0,14102100,1005,0,1fbe01fe,f3845767,28905ebd,ecad2386,7801e8d9,07d7df22,a99f214a,086ef670,553f099b,1,0,15705,320,50,1722,0,35,-1,79
10025633842336165171,0,14102100,1010,1,85f751fd,c4e18dd6,50e219e0,8c0dcd5a,7801e8d9,0f2161f8,a7420ec6,2f84375e,1df52df3,4,0,21665,320,50,2493,3,35,-1,117
10025704690568207251,0,14102100,1005,0,1fbe01fe,f3845767,28905ebd,ecad2386,7801e8d9,07d7df22,a99f214a,372c8632,4ceb2e0b,1,0,15708,320,50,1722,0,35,-1,79
10027325869092401811,0,14102100,1005,0,1fbe01fe,f3845767,28905ebd,ecad2386,7801e8d9,07d7df22,a99f214a,8ea670e2,f186d2e8,1,0,15702,320,50,1722,0,35,100084,79
10027449057616725957,0,14102100,1005,0,1fbe01fe,f3845767,28905ebd,ecad2386,7801e8d9,07d7df22,a99f214a,ba3a404f,4ea23a13,1,0,6616,320,50,576,2,35,100131,32
10027501910215646592,0,14102100,1005,1,43d6df75,27e3c518,28905ebd,ecad2386,7801e8d9,07d7df22,a99f214a,a498950e,d787e91b,1,0,19950,320,50,1800,3,167,100079,23
10027581429278918190,0,14102100,1005,0,1fbe01fe,f3845767,28905ebd,ecad2386,7801e8d9,07d7df22,a99f214a,435e98ae,8a4875bd,1,0,15708,320,50,1722,0,35,100084,79
10027643527627978158,0,14102100,1005,0,543a539e,c7ca3108,3e814130,ecad2386,7801e8d9,07d7df22,a99f214a,f7600ed5,d787e91b,1,0,20366,320,50,2333,0,39,-1,157
10028118836233421407,0,14102100,1005,0,543a539e,c7ca3108,3e814130,ecad2386,7801e8d9,07d7df22,a99f214a,d7d16472,3421dfe4,1,0,20362,320,50,2333,0,39,-1,157
10028158991193694000,0,14102100,1005,0,85f751fd,c4e18dd6,50e219e0,090d3a47,0654b444,0f2161f8,a99f214a,658adfe3,56f23684,1,2,20596,320,50,2161,0,35,-1,157
10028335185239032448,1,14102100,1005,1,d9750ee7,98572c79,f028772b,ecad2386,7801e8d9,07d7df22,a99f214a,feb38e6a,a5bce124,1,0,17614,320,50,1993,2,1063,-1,33
10028586077501445095,0,14102100,1005,0,1fbe01fe,f3845767,28905ebd,ecad2386,7801e8d9,07d7df22,a99f214a,465fe03d,779d90c2,1,0,15705,320,50,1722,0,35,100084,79
10028659945951062490,0,14102100,1005,0,1fbe01fe,f3845767,28905ebd,ecad2386,7801e8d9,07d7df22,a99f214a,d2aad2e7,711ee120,1,0,15706,320,50,1722,0,35,100084,79
10028663841911511440,1,14102100,1005,0,5b08c53b,7687a86e,3e814130,ecad2386,7801e8d9,07d7df22,a99f214a,fe630f98,3db9fde9,1,0,19016,300,250,2162,2,39,-1,33
10028762069414949148,0,14102100,1005,0,18859862,b5188ae6,f028772b,ecad2386,7801e8d9,07d7df22,a99f214a,43d64c38,99115329,1,0,18993,320,50,2161,0,35,-1,157
10028808005964468736,0,14102100,1005,0,02d5151c,64778742,f028772b,ecad2386,7801e8d9,07d7df22,a99f214a,d2e5e592,1f0bc64f,1,0,18993,320,50,2161,0,35,-1,157
10028926381063393614,0,14102100,1005,0,1fbe01fe,f3845767,28905ebd,ecad2386,7801e8d9,07d7df22,a99f214a,48c60dcd,8a4875bd,1,0,15704,320,50,1722,0,35,100084,79
10029116667172265296,0,14102100,1005,1,faf9c1c2,c8223ee3,f028772b,ecad2386,7801e8d9,07d7df22,a99f214a,ad1114fe,88fe1d5d,1,0,18993,320,50,2161,0,35,-1,157
10029127738769802404,0,14102100,1005,0,543a539e,c7ca3108,3e814130,ecad2386,7801e8d9,07d7df22,a99f214a,57bce7c6,d787e91b,1,0,20352,320,50,2333,0,39,-1,157
10029289556764215760,0,14102100,1005,0,1fbe01fe,f3845767,28905ebd,ecad2386,7801e8d9,07d7df22,a99f214a,1c306e3a,ff065cf0,1,2,15706,320,50,1722,0,35,100084,79
10029327953743827349,0,14102100,1005,1,72a56356,45368af7,3e814130,ecad2386,7801e8d9,07d7df22,a99f214a,f40a004b,900981af,1,2,20596,320,50,2161,0,35,-1,157
10029329644865739909,1,14102100,1005,1,22d080df,6eb534a7,3e814130,ecad2386,7801e8d9,07d7df22,a99f214a,39eab8a9,900981af,1,2,20596,320,50,2161,0,35,-1,157
